<?xml version="1.0" encoding="UTF-8"?>
<project basedir=".." name="Sphinx-4-IDE">
    <target name="compile-selected-files-in-apps">
        <fail unless="files">Must set property 'files'</fail>
        <mkdir dir="bld"/>
        <javac destdir="bld" includes="${files}" source="1.6" srcdir="src/apps">
            <classpath path="lib/js.jar:lib/jsapi-1.0-base.jar:lib/jsapi.jar:lib/sphinx4.jar:lib/tags.jar:lib/TIDIGITS_8gau_13dCep_16k_40mel_130Hz_6800Hz.jar:lib/WSJ_8gau_13dCep_16k_40mel_130Hz_6800Hz.jar:lib/WSJ_8gau_13dCep_8kHz_31mel_200Hz_3500Hz.jar:bld"/>
        </javac>
    </target>
    <target name="run-selected-file-in-apps">
        <fail unless="run.class">Must set property 'run.class'</fail>
        <java classname="${run.class}" failonerror="true" fork="true">
            <classpath>
                <pathelement path="lib/js.jar:lib/jsapi-1.0-base.jar:lib/jsapi.jar:lib/sphinx4.jar:lib/tags.jar:lib/TIDIGITS_8gau_13dCep_16k_40mel_130Hz_6800Hz.jar:lib/WSJ_8gau_13dCep_16k_40mel_130Hz_6800Hz.jar:lib/WSJ_8gau_13dCep_8kHz_31mel_200Hz_3500Hz.jar:bld"/>
                <pathelement location="bld"/>
            </classpath>
        </java>
    </target>
    <target name="debug-selected-file-in-apps">
        <fail unless="debug.class">Must set property 'debug.class'</fail>
        <path id="cp">
            <pathelement path="lib/js.jar:lib/jsapi-1.0-base.jar:lib/jsapi.jar:lib/sphinx4.jar:lib/tags.jar:lib/TIDIGITS_8gau_13dCep_16k_40mel_130Hz_6800Hz.jar:lib/WSJ_8gau_13dCep_16k_40mel_130Hz_6800Hz.jar:lib/WSJ_8gau_13dCep_8kHz_31mel_200Hz_3500Hz.jar:bld"/>
            <pathelement location="bld"/>
        </path>
        <nbjpdastart addressproperty="jpda.address" name="Sphinx-4" transport="dt_socket">
            <classpath refid="cp"/>
        </nbjpdastart>
        <java classname="${debug.class}" fork="true">
            <classpath refid="cp"/>
            <jvmarg value="-Xdebug"/>
            <jvmarg value="-Xrunjdwp:transport=dt_socket,address=${jpda.address}"/>
        </java>
    </target>
</project>
