<?xml version="1.0" encoding="UTF-8"?>
<project xmlns="http://www.netbeans.org/ns/project/1">
    <type>org.netbeans.modules.ant.freeform</type>
    <configuration>
        <general-data xmlns="http://www.netbeans.org/ns/freeform-project/1">
            <name>Sphinx-4</name>
        </general-data>
        <general-data xmlns="http://www.netbeans.org/ns/freeform-project/2">
            <!-- Do not use Project Properties customizer when editing this file manually. -->
            <name>Sphinx-4</name>
            <properties/>
            <folders>
                <source-folder>
                    <label>Sphinx-4</label>
                    <location>.</location>
                    <encoding>UTF-8</encoding>
                </source-folder>
                <source-folder>
                    <label>src/research</label>
                    <type>java</type>
                    <location>src/research</location>
                    <encoding>UTF-8</encoding>
                </source-folder>
                <source-folder>
                    <label>src/apps</label>
                    <type>java</type>
                    <location>src/apps</location>
                    <encoding>UTF-8</encoding>
                </source-folder>
                <source-folder>
                    <label>src/jsapi</label>
                    <type>java</type>
                    <location>src/jsapi</location>
                    <encoding>UTF-8</encoding>
                </source-folder>
                <source-folder>
                    <label>src/sphinx4</label>
                    <type>java</type>
                    <location>src/sphinx4</location>
                    <encoding>UTF-8</encoding>
                </source-folder>
                <source-folder>
                    <label>src/test</label>
                    <type>java</type>
                    <location>src/test</location>
                    <encoding>UTF-8</encoding>
                </source-folder>
            </folders>
            <ide-actions>
                <action name="build">
                    <target>all</target>
                </action>
                <action name="clean">
                    <target>clean</target>
                </action>
                <action name="javadoc">
                    <target>javadoc</target>
                </action>
                <action name="run">
                    <target>run-transcriber-demo</target>
                </action>
                <action name="test">
                    <target>run-tests</target>
                </action>
                <action name="rebuild">
                    <target>clean</target>
                    <target>all</target>
                </action>
                <action name="debug">
                    <script>nbproject/ide-targets.xml</script>
                    <target>debug-nb</target>
                </action>
                <action name="compile.single">
                    <script>nbproject/ide-file-targets.xml</script>
                    <target>compile-selected-files-in-apps</target>
                    <context>
                        <property>files</property>
                        <folder>src/apps</folder>
                        <pattern>\.java$</pattern>
                        <format>relative-path</format>
                        <arity>
                            <separated-files>,</separated-files>
                        </arity>
                    </context>
                </action>
                <action name="run.single">
                    <script>nbproject/ide-file-targets.xml</script>
                    <target>run-selected-file-in-apps</target>
                    <context>
                        <property>run.class</property>
                        <folder>src/apps</folder>
                        <pattern>\.java$</pattern>
                        <format>java-name</format>
                        <arity>
                            <one-file-only/>
                        </arity>
                    </context>
                </action>
                <action name="debug.single">
                    <script>nbproject/ide-file-targets.xml</script>
                    <target>debug-selected-file-in-apps</target>
                    <context>
                        <property>debug.class</property>
                        <folder>src/apps</folder>
                        <pattern>\.java$</pattern>
                        <format>java-name</format>
                        <arity>
                            <one-file-only/>
                        </arity>
                    </context>
                </action>
                <action name="compile.single">
                    <script>nbproject/ide-file-targets.xml</script>
                    <target>compile-selected-files-in-sphinx4</target>
                    <context>
                        <property>files</property>
                        <folder>src/sphinx4</folder>
                        <pattern>\.java$</pattern>
                        <format>relative-path</format>
                        <arity>
                            <separated-files>,</separated-files>
                        </arity>
                    </context>
                </action>
            </ide-actions>
            <export>
                <type>folder</type>
                <location>bld</location>
                <build-target>all</build-target>
            </export>
            <export>
                <type>folder</type>
                <location>javadoc</location>
                <build-target>all</build-target>
            </export>
            <export>
                <type>jar</type>
                <location>lib/sphinx4.jar</location>
                <build-target>all</build-target>
            </export>
            <export>
                <type>folder</type>
                <location>bld</location>
                <build-target>all</build-target>
            </export>
            <export>
                <type>jar</type>
                <location>bin/Aligner.jar</location>
                <build-target>all</build-target>
            </export>
            <export>
                <type>jar</type>
                <location>bin/AudioTool.jar</location>
                <build-target>all</build-target>
            </export>
            <export>
                <type>jar</type>
                <location>bin/ClassBased.jar</location>
                <build-target>all</build-target>
            </export>
            <export>
                <type>jar</type>
                <location>bin/Confidence.jar</location>
                <build-target>all</build-target>
            </export>
            <export>
                <type>jar</type>
                <location>bin/Dialog.jar</location>
                <build-target>all</build-target>
            </export>
            <export>
                <type>jar</type>
                <location>bin/FeatureValueDemo.jar</location>
                <build-target>all</build-target>
            </export>
            <export>
                <type>jar</type>
                <location>bin/HelloNGram.jar</location>
                <build-target>all</build-target>
            </export>
            <export>
                <type>jar</type>
                <location>bin/HelloWorld.jar</location>
                <build-target>all</build-target>
            </export>
            <export>
                <type>jar</type>
                <location>bin/JSGFDemo.jar</location>
                <build-target>all</build-target>
            </export>
            <export>
                <type>jar</type>
                <location>bin/LatticeDemo.jar</location>
                <build-target>all</build-target>
            </export>
            <export>
                <type>jar</type>
                <location>bin/LiveConnectDemo.jar</location>
                <build-target>all</build-target>
            </export>
            <export>
                <type>jar</type>
                <location>bin/Raw.jar</location>
                <build-target>all</build-target>
            </export>
            <export>
                <type>jar</type>
                <location>bin/Transcriber.jar</location>
                <build-target>all</build-target>
            </export>
            <export>
                <type>jar</type>
                <location>bin/ZipCity.jar</location>
                <build-target>all</build-target>
            </export>
            <export>
                <type>folder</type>
                <location>bld</location>
                <build-target>all</build-target>
            </export>
            <export>
                <type>folder</type>
                <location>javadoc</location>
                <build-target>all</build-target>
            </export>
            <export>
                <type>jar</type>
                <location>lib/jsapi-1.0-base.jar</location>
                <build-target>all</build-target>
            </export>
            <export>
                <type>folder</type>
                <location>bld</location>
                <build-target>all</build-target>
            </export>
            <export>
                <type>jar</type>
                <location>lib/batch.jar</location>
                <build-target>all</build-target>
            </export>
            <export>
                <type>jar</type>
                <location>lib/sphinx4.jar</location>
                <build-target>all</build-target>
            </export>
            <export>
                <type>jar</type>
                <location>lib/TIDIGITS_8gau_13dCep_16k_40mel_130Hz_6800Hz.jar</location>
                <build-target>all</build-target>
            </export>
            <export>
                <type>jar</type>
                <location>lib/WSJ_8gau_13dCep_16k_40mel_130Hz_6800Hz.jar</location>
                <build-target>all</build-target>
            </export>
            <export>
                <type>jar</type>
                <location>lib/WSJ_8gau_13dCep_8kHz_31mel_200Hz_3500Hz.jar</location>
                <build-target>all</build-target>
            </export>
            <export>
                <type>folder</type>
                <location>javadoc</location>
                <build-target>all</build-target>
            </export>
            <export>
                <type>folder</type>
                <location>bld</location>
                <build-target>all</build-target>
            </export>
            <view>
                <items>
                    <source-folder style="packages">
                        <label>src/research</label>
                        <location>src/research</location>
                    </source-folder>
                    <source-folder style="packages">
                        <label>src/apps</label>
                        <location>src/apps</location>
                    </source-folder>
                    <source-folder style="packages">
                        <label>src/jsapi</label>
                        <location>src/jsapi</location>
                    </source-folder>
                    <source-folder style="packages">
                        <label>src/sphinx4</label>
                        <location>src/sphinx4</location>
                    </source-folder>
                    <source-folder style="packages">
                        <label>src/test</label>
                        <location>src/test</location>
                    </source-folder>
                    <source-file>
                        <location>build.xml</location>
                    </source-file>
                </items>
                <context-menu>
                    <ide-action name="build"/>
                    <ide-action name="rebuild"/>
                    <ide-action name="clean"/>
                    <ide-action name="javadoc"/>
                    <ide-action name="run"/>
                    <ide-action name="test"/>
                    <ide-action name="debug"/>
                </context-menu>
            </view>
            <subprojects/>
        </general-data>
        <java-data xmlns="http://www.netbeans.org/ns/freeform-project-java/3">
            <compilation-unit>
                <package-root>src/research</package-root>
                <classpath mode="compile">bld</classpath>
                <built-to>bld</built-to>
                <built-to>javadoc</built-to>
                <built-to>lib/sphinx4.jar</built-to>
                <source-level>1.6</source-level>
            </compilation-unit>
            <compilation-unit>
                <package-root>src/apps</package-root>
                <classpath mode="compile">lib/js.jar:lib/jsapi-1.0-base.jar:lib/jsapi.jar:lib/sphinx4.jar:lib/tags.jar:lib/TIDIGITS_8gau_13dCep_16k_40mel_130Hz_6800Hz.jar:lib/WSJ_8gau_13dCep_16k_40mel_130Hz_6800Hz.jar:lib/WSJ_8gau_13dCep_8kHz_31mel_200Hz_3500Hz.jar:bld</classpath>
                <built-to>bld</built-to>
                <built-to>bin/Aligner.jar</built-to>
                <built-to>bin/AudioTool.jar</built-to>
                <built-to>bin/ClassBased.jar</built-to>
                <built-to>bin/Confidence.jar</built-to>
                <built-to>bin/Dialog.jar</built-to>
                <built-to>bin/FeatureValueDemo.jar</built-to>
                <built-to>bin/HelloNGram.jar</built-to>
                <built-to>bin/HelloWorld.jar</built-to>
                <built-to>bin/JSGFDemo.jar</built-to>
                <built-to>bin/LatticeDemo.jar</built-to>
                <built-to>bin/LiveConnectDemo.jar</built-to>
                <built-to>bin/Raw.jar</built-to>
                <built-to>bin/Transcriber.jar</built-to>
                <built-to>bin/ZipCity.jar</built-to>
                <source-level>1.6</source-level>
            </compilation-unit>
            <compilation-unit>
                <package-root>src/jsapi</package-root>
                <classpath mode="compile">lib/js.jar:lib/jsapi.jar:bld</classpath>
                <built-to>bld</built-to>
                <built-to>javadoc</built-to>
                <built-to>lib/jsapi-1.0-base.jar</built-to>
                <source-level>1.6</source-level>
            </compilation-unit>
            <compilation-unit>
                <package-root>src/sphinx4</package-root>
                <built-to>bld</built-to>
                <built-to>lib/batch.jar</built-to>
                <built-to>lib/sphinx4.jar</built-to>
                <built-to>lib/TIDIGITS_8gau_13dCep_16k_40mel_130Hz_6800Hz.jar</built-to>
                <built-to>lib/WSJ_8gau_13dCep_16k_40mel_130Hz_6800Hz.jar</built-to>
                <built-to>lib/WSJ_8gau_13dCep_8kHz_31mel_200Hz_3500Hz.jar</built-to>
                <built-to>javadoc</built-to>
                <source-level>1.6</source-level>
            </compilation-unit>
            <compilation-unit>
                <package-root>src/test</package-root>
                <unit-tests/>
                <classpath mode="compile">bld:lib/junit-4.8.1.jar:lib/jsapi.jar</classpath>
                <built-to>bld</built-to>
                <source-level>1.6</source-level>
            </compilation-unit>
        </java-data>
    </configuration>
</project>
