<?xml version="1.0" encoding="UTF-8"?>

<!--
   Sphinx-4 Configuration file
-->

<!-- ******************************************************** -->
<!--  tidigits configuration file                             -->
<!-- ******************************************************** -->

<config>


    <component name="mfcFrontEnd" type="edu.cmu.sphinx.frontend.FrontEnd">
        <propertylist name="pipeline">
            <item>streamDataSource</item>
            <item>premphasizer</item>
            <item>windower</item>
            <item>fft</item>
            <item>melFilterBank</item>
            <item>dct</item>
            <item>batchCMN</item>
            <item>featureExtraction</item>

            <item>frontendBrancher</item>
            <item>secndDecoder</item>
        </propertylist>
    </component>


    <component name="frontendBrancher" type="edu.cmu.sphinx.frontend.databranch.FrontEndSplitter">
        <propertylist name="dataListeners">
            <item>dataBuffer</item>
        </propertylist>
    </component>


    <component name="dataBuffer" type="edu.cmu.sphinx.frontend.databranch.DataBufferProcessor">
        <property name="waitIfEmpty" value="true"/>
    </component>


    <component name="secndScorer" type="edu.cmu.sphinx.decoder.scorer.ThreadedAcousticScorer">
        <property name="frontend" value="dataBuffer"/>
        <property name="isCpuRelative" value="true"/>
        <property name="numThreads" value="0"/>
        <property name="minScoreablesPerThread" value="10"/>
        <property name="scoreablesKeepFeature" value="true"/>
        <!--<property name="scoreNormalizer" value="phoneNormalizer"/>-->
    </component>

    <component name="secndDecoder" type="edu.cmu.sphinx.decoder.FrameDecoder">
        <!--<property name="searchManager" value="secndPruningSearchManager"/>-->
        <property name="searchManager" value="secndSearchManager"/>
        <property name="autoAllocate" value="true"/>

        <propertylist name="resultListeners">
        </propertylist>
    </component>

    <component name="secndSearchManager" type="edu.cmu.sphinx.decoder.search.SimpleBreadthFirstSearchManager">
        <property name="logMath" value="logMath"/>
        <!-- for sake of simplicity we share the linguist with the other recognizer here -->
        <!-- however this is neither necessary nor the common usecase. Normally both recognizers would --> 
        <!-- decode on  different search spaces -->
        <property name="linguist" value="flatLinguist"/>
        <property name="pruner" value="secndSearchPruner"/>
        <property name="scorer" value="secndScorer"/>
        <property name="activeListFactory" value="secndActiveList"/>
    </component>

    <component name="secndActiveList" type="edu.cmu.sphinx.decoder.search.PartitionActiveListFactory">
        <property name="logMath" value="logMath"/>
    </component>


    <component name="secndSearchPruner" type="edu.cmu.sphinx.decoder.pruner.SimplePruner"/>


    <!-- ******************************************************** -->
    <!-- frequently tuned properties                              -->
    <!-- ******************************************************** -->

    <property name="absoluteBeamWidth" value="-1"/>
    <property name="relativeBeamWidth" value="1E-90"/>
    <property name="wordInsertionProbability" value="1E-36"/>
    <property name="languageWeight" value="8"/>
    <property name="silenceInsertionProbability" value="1"/>
    <property name="skip" value="0"/>
    <property name="logLevel" value="WARNING"/>

    <property name="recognizer" value="recognizer"/>
    <property name="linguist" value="flatLinguist"/>
    <property name="frontend" value="mfcFrontEnd"/>


    <!-- ******************************************************** -->
    <!-- The connectedDigitsRecognizer configuration               -->
    <!-- ******************************************************** -->

    <component name="recognizer"
               type="edu.cmu.sphinx.recognizer.Recognizer">
        <property name="decoder" value="digitsDecoder"/>
        <propertylist name="monitors">
        </propertylist>
    </component>


    <!-- ******************************************************** -->
    <!-- The Decoder   configuration                              -->
    <!-- ******************************************************** -->

    <component name="digitsDecoder" type="edu.cmu.sphinx.decoder.Decoder">
        <property name="searchManager" value="searchManager"/>
    </component>

    <component name="searchManager"
               type="edu.cmu.sphinx.decoder.search.SimpleBreadthFirstSearchManager">
        <property name="logMath" value="logMath"/>
        <property name="linguist" value="${linguist}"/>
        <property name="pruner" value="trivialPruner"/>
        <property name="scorer" value="threadedScorer"/>
        <property name="activeListFactory" value="activeList"/>
    </component>


    <component name="activeList"
               type="edu.cmu.sphinx.decoder.search.SortingActiveListFactory">
        <property name="logMath" value="logMath"/>
        <property name="absoluteBeamWidth" value="${absoluteBeamWidth}"/>
        <property name="relativeBeamWidth" value="${relativeBeamWidth}"/>
    </component>

    <component name="trivialPruner"
               type="edu.cmu.sphinx.decoder.pruner.SimplePruner"/>

    <component name="threadedScorer"
               type="edu.cmu.sphinx.decoder.scorer.ThreadedAcousticScorer">
        <property name="frontend" value="${frontend}"/>
        <property name="isCpuRelative" value="true"/>
        <property name="numThreads" value="0"/>
        <property name="minScoreablesPerThread" value="10"/>
        <property name="scoreablesKeepFeature" value="true"/>
        <property name="useStreamSignals" value="false"/>
    </component>

    <!-- ******************************************************** -->
    <!-- The linguist  configuration                              -->
    <!-- ******************************************************** -->

    <component name="flatLinguist"
               type="edu.cmu.sphinx.linguist.flat.FlatLinguist">
        <property name="logMath" value="logMath"/>
        <property name="grammar" value="jsgfGrammar"/>
        <property name="acousticModel" value="acousticModel"/>
        <property name="wordInsertionProbability"
                  value="${wordInsertionProbability}"/>
        <property name="silenceInsertionProbability"
                  value="${silenceInsertionProbability}"/>
        <property name="languageWeight" value="${languageWeight}"/>
        <property name="unitManager" value="unitManager"/>
    </component>


    <!-- ******************************************************** -->
    <!-- The Grammar  configuration                               -->
    <!-- ******************************************************** -->

    <component name="jsgfGrammar" type="edu.cmu.sphinx.jsgf.JSGFGrammar">
        <property name="dictionary" value="dictionary"/>
        <property name="grammarLocation"
                  value="resource:/demo/sphinx/wavfile/"/>
        <property name="grammarName" value="digits"/>
        <property name="logMath" value="logMath"/>
    </component>


    <!-- ******************************************************** -->
    <!-- The Dictionary configuration                            -->
    <!-- ******************************************************** -->

    <component name="dictionary"
               type="edu.cmu.sphinx.linguist.dictionary.FullDictionary">
        <property name="dictionaryPath"
                  value="resource:/TIDIGITS_8gau_13dCep_16k_40mel_130Hz_6800Hz/dict/dictionary"/>
        <property name="fillerPath"
                  value="resource:/TIDIGITS_8gau_13dCep_16k_40mel_130Hz_6800Hz/noisedict"/>
        <property name="addSilEndingPronunciation" value="false"/>
        <property name="unitManager" value="unitManager"/>
    </component>


    <!-- ******************************************************** -->
    <!-- The acoustic model configuration                         -->
    <!-- ******************************************************** -->

    <component name="acousticModel"
               type="edu.cmu.sphinx.linguist.acoustic.tiedstate.TiedStateAcousticModel">
        <property name="loader" value="sphinx3Loader"/>
        <property name="unitManager" value="unitManager"/>
    </component>

    <component name="sphinx3Loader" type="edu.cmu.sphinx.linguist.acoustic.tiedstate.Sphinx3Loader">
        <property name="logMath" value="logMath"/>
        <property name="unitManager" value="unitManager"/>
        <property name="location" value="resource:/TIDIGITS_8gau_13dCep_16k_40mel_130Hz_6800Hz"/>
    </component>


    <!-- ******************************************************** -->
    <!-- The unit manager configuration                           -->
    <!-- ******************************************************** -->

    <component name="unitManager"
               type="edu.cmu.sphinx.linguist.acoustic.UnitManager"/>


    <!-- ******************************************************** -->
    <!-- The frontend configuration                               -->
    <!-- ******************************************************** -->


    <component name="streamDataSource"
               type="edu.cmu.sphinx.frontend.util.StreamDataSource">
        <property name="sampleRate" value="16000"/>
        <property name="bitsPerSample" value="16"/>
        <property name="bigEndianData" value="false"/>
        <property name="signedData" value="true"/>
    </component>

    <component name="premphasizer"
               type="edu.cmu.sphinx.frontend.filter.Preemphasizer"/>

    <component name="windower"
               type="edu.cmu.sphinx.frontend.window.RaisedCosineWindower"/>

    <component name="fft"
               type="edu.cmu.sphinx.frontend.transform.DiscreteFourierTransform"/>

    <component name="melFilterBank"
               type="edu.cmu.sphinx.frontend.frequencywarp.MelFrequencyFilterBank"/>

    <component name="dct"
               type="edu.cmu.sphinx.frontend.transform.DiscreteCosineTransform"/>

    <component name="batchCMN"
               type="edu.cmu.sphinx.frontend.feature.BatchCMN"/>

    <component name="featureExtraction"
               type="edu.cmu.sphinx.frontend.feature.DeltasFeatureExtractor"/>


    <!-- ******************************************************* -->
    <!--  monitors                                               -->
    <!-- ******************************************************* -->

    <component name="memoryTracker"
               type="edu.cmu.sphinx.instrumentation.MemoryTracker">
        <property name="recognizer" value="${recognizer}"/>
    </component>

    <component name="speedTracker"
               type="edu.cmu.sphinx.instrumentation.SpeedTracker">
        <property name="recognizer" value="${recognizer}"/>
        <property name="frontend" value="${frontend}"/>
        <property name="showTimers" value="false"/>
    </component>


    <!-- ******************************************************* -->
    <!--  Miscellaneous components                               -->
    <!-- ******************************************************* -->

    <component name="logMath" type="edu.cmu.sphinx.util.LogMath">
        <property name="logBase" value="1.0001"/>
        <property name="useAddTable" value="true"/>
    </component>

</config>
